<component name="ProjectRunConfigurationManager">
  <configuration default="false" name="filter-tpslimit-client" type="GoApplicationRunConfiguration" factoryName="Go Application" folderName="filter">
    <module name="dubbo-go-samples" />
    <working_directory value="$PROJECT_DIR$" />
    <envs>
      <env name="DUBBO_GO_CONFIG_PATH" value="$PROJECT_DIR$/filter/tpslimit/go-client/conf/dubbogo.yml" />
    </envs>
    <kind value="PACKAGE" />
    <package value="github.com/apache/dubbo-go-samples/filter/tpslimit/go-client/cmd" />
    <directory value="$PROJECT_DIR$" />
    <filePath value="$PROJECT_DIR$/filter/tpslimit/go-client/cmd/client.go" />
    <method v="2" />
  </configuration>
</component>