<component name="ProjectRunConfigurationManager">
  <configuration default="false" name="api-triple-server" type="GoApplicationRunConfiguration" factoryName="Go Application" folderName="config-api">
    <module name="dubbo-go-samples" />
    <working_directory value="$PROJECT_DIR$" />
    <kind value="PACKAGE" />
    <package value="github.com/apache/dubbo-go-samples/config-api/rpc/triple/go-server/cmd" />
    <directory value="$PROJECT_DIR$" />
    <filePath value="$PROJECT_DIR$/config-api/go-server/cmd/server.go" />
    <method v="2" />
  </configuration>
</component>