<component name="ProjectRunConfigurationManager">
  <configuration default="false" name="context-dubbo-server" type="GoApplicationRunConfiguration" factoryName="Go Application" folderName="context" singleton="false">
    <module name="dubbo-go-samples" />
    <working_directory value="$PROJECT_DIR$" />
    <envs>
      <env name="DUBBO_GO_CONFIG_PATH" value="$PROJECT_DIR$/context/dubbo/go-server/conf/dubbogo.yml" />
      <env name="APP_LOG_CONF_FILE" value="$PROJECT_DIR$/context/dubbo/go-server/conf/log.yml" />
    </envs>
    <kind value="PACKAGE" />
    <package value="github.com/apache/dubbo-go-samples/context/dubbo/go-server/cmd" />
    <directory value="$PROJECT_DIR$" />
    <filePath value="$PROJECT_DIR$/context/dubbo/go-server/cmd/server.go" />
    <method v="2" />
  </configuration>
</component>