<component name="ProjectRunConfigurationManager">
  <configuration default="false" name="game-go-game" type="GoApplicationRunConfiguration" factoryName="Go Application" folderName="game">
    <module name="dubbo-go-samples" />
    <working_directory value="$PROJECT_DIR$" />
    <envs>
      <env name="DUBBO_GO_CONFIG_PATH" value="$PROJECT_DIR$/game/go-server-game/conf/dubbogo.yml" />
    </envs>
    <kind value="PACKAGE" />
    <package value="github.com/apache/dubbo-go-samples/game/go-server-game/cmd" />
    <directory value="$PROJECT_DIR$" />
    <filePath value="$PROJECT_DIR$/game/go-server-game/cmd/server.go" />
    <method v="2" />
  </configuration>
</component>