<component name="ProjectRunConfigurationManager">
  <configuration default="false" name="generic-default-go-client" type="GoApplicationRunConfiguration" factoryName="Go Application" folderName="generic">
    <module name="dubbo-go-samples" />
    <working_directory value="$PROJECT_DIR$" />
    <envs>
      <env name="DUBBO_GO_CONFIG_PATH" value="$PROJECT_DIR$/generic/default/go-client/conf/dubbogo.yml" />
    </envs>
    <kind value="PACKAGE" />
    <package value="github.com/apache/dubbo-go-samples/generic/default/go-client/cmd" />
    <directory value="$PROJECT_DIR$/generic/default/go-client/cmd" />
    <filePath value="$PROJECT_DIR$/generic/default/go-client/cmd/client.go" />
    <method v="2" />
  </configuration>
</component>