<component name="ProjectRunConfigurationManager">
  <configuration default="false" name="generic-default-java-client" type="ShConfigurationType" folderName="v3config-generic">
    <option name="SCRIPT_TEXT" value="" />
    <option name="INDEPENDENT_SCRIPT_PATH" value="false" />
    <option name="SCRIPT_PATH" value="$PROJECT_DIR$/generic/default/java-client/run.sh" />
    <option name="SCRIPT_OPTIONS" value="" />
    <option name="INDEPENDENT_SCRIPT_WORKING_DIRECTORY" value="false" />
    <option name="SCRIPT_WORKING_DIRECTORY" value="$PROJECT_DIR$/generic/default/java-client" />
    <option name="INDEPENDENT_INTERPRETER_PATH" value="true" />
    <option name="INTERPRETER_PATH" value="" />
    <option name="INTERPRETER_OPTIONS" value="" />
    <option name="EXECUTE_IN_TERMINAL" value="true" />
    <option name="EXECUTE_SCRIPT_FILE" value="true" />
    <envs />
    <method v="2" />
  </configuration>
</component>