<component name="ProjectRunConfigurationManager">
  <configuration default="false" name="logger-rolling" type="GoApplicationRunConfiguration" factoryName="Go Application" folderName="logger" nameIsGenerated="true">
    <module name="dubbo-go-samples" />
    <working_directory value="$PROJECT_DIR$" />
    <envs>
      <env name="DUBBO_GO_CONFIG_PATH" value="$PROJECT_DIR$/logger/rolling/conf/dubbogo.yml" />
    </envs>
    <kind value="PACKAGE" />
    <package value="github.com/apache/dubbo-go-samples/logger/rolling/cmd" />
    <directory value="$PROJECT_DIR$" />
    <filePath value="$PROJECT_DIR$/logger/rolling/cmd/main.go" />
    <method v="2" />
  </configuration>
</component>