<component name="ProjectRunConfigurationManager">
  <configuration default="false" name="logger-custom" type="GoApplicationRunConfiguration" factoryName="Go Application" folderName="logger">
    <module name="dubbo-go-samples" />
    <working_directory value="$PROJECT_DIR$" />
    <envs>
      <env name="DUBBO_GO_CONFIG_PATH" value="$PROJECT_DIR$/logger/custom/conf/dubbogo.yml" />
    </envs>
    <kind value="PACKAGE" />
    <package value="github.com/apache/dubbo-go-samples/logger/custom/cmd" />
    <directory value="$PROJECT_DIR$" />
    <filePath value="$PROJECT_DIR$/logger/custom/cmd/main.go" />
    <method v="2" />
  </configuration>
</component>