<component name="ProjectRunConfigurationManager">
  <configuration default="false" name="metrics-server" type="GoApplicationRunConfiguration" factoryName="Go Application" folderName="metrics">
    <module name="dubbo-go-samples" />
    <working_directory value="$PROJECT_DIR$" />
    <envs>
      <env name="DUBBO_GO_CONFIG_PATH" value="$PROJECT_DIR$/metrics/go-server/conf/dubbogo.yml" />
    </envs>
    <kind value="PACKAGE" />
    <package value="github.com/apache/dubbo-go-samples/metrics/go-server/cmd" />
    <directory value="$PROJECT_DIR$" />
    <filePath value="$PROJECT_DIR$/helloworld/go-client/cmd/client.go" />
    <method v="2" />
  </configuration>
</component>