<component name="ProjectRunConfigurationManager">
  <configuration default="false" name="triple-pb-dubbogo-grpc-go-client" type="GoApplicationRunConfiguration" factoryName="Go Application" folderName="rpc/triple">
    <module name="dubbo-go-samples" />
    <working_directory value="$PROJECT_DIR$" />
    <envs>
      <env name="DUBBO_GO_CONFIG_PATH" value="$PROJECT_DIR$/rpc/triple/pb/dubbogo-grpc/go-client/conf/dubbogo.yml" />
    </envs>
    <kind value="PACKAGE" />
    <package value="github.com/apache/dubbo-go-samples/rpc/triple/pb/dubbogo-grpc/go-client/cmd" />
    <directory value="$PROJECT_DIR$" />
    <filePath value="$PROJECT_DIR$/general/dubbo3/rpc/triple/pb/dubbogo-grpc/go-client/cmd/client.go" />
    <method v="2" />
  </configuration>
</component>