<component name="ProjectRunConfigurationManager">
  <configuration default="false" name="tracing-grpc-go-server" type="GoApplicationRunConfiguration" factoryName="Go Application" folderName="tracing" singleton="true">
    <module name="dubbo-go-samples" />
    <working_directory value="$PROJECT_DIR$" />
    <envs>
      <env name="DUBBO_GO_CONFIG_PATH" value="$PROJECT_DIR$/tracing/grpc/go-server/conf/dubbogo.yml" />
    </envs>
    <kind value="PACKAGE" />
    <package value="github.com/apache/dubbo-go-samples/tracing/grpc/go-server/cmd" />
    <directory value="$PROJECT_DIR$" />
    <filePath value="$PROJECT_DIR$/tracing/grpc/go-server/cmd/server.go" />
    <method v="2" />
  </configuration>
</component>