<component name="ProjectRunConfigurationManager">
    <configuration default="false" name="registry-nacos-go-server" type="GoApplicationRunConfiguration" factoryName="Go Application" folderName="registry">
        <module name="dubbo-go-samples" />
        <working_directory value="$PROJECT_DIR$" />
        <envs>
            <env name="APP_LOG_CONF_FILE" value="$PROJECT_DIR$/registry/nacos/go-server/conf/log.yml" />
            <env name="DUBBO_GO_CONFIG_PATH" value="$PROJECT_DIR$/registry/nacos/go-server/conf/dubbogo.yml" />
        </envs>
        <kind value="PACKAGE" />
        <package value="github.com/apache/dubbo-go-samples/registry/nacos/go-server/cmd" />
        <directory value="$PROJECT_DIR$" />
        <filePath value="$PROJECT_DIR$/general/registry/nacos/go-server/cmd/server.go" />
        <method v="2" />
    </configuration>
</component>
