<component name="ProjectRunConfigurationManager">
    <configuration default="false" name="registry-nacos-go-client" type="GoApplicationRunConfiguration" factoryName="Go Application" folderName="registry">
        <module name="dubbo-go-samples" />
        <working_directory value="$PROJECT_DIR$" />
        <envs>
            <env name="DUBBO_GO_CONFIG_PATH" value="$PROJECT_DIR$/registry/nacos/go-client/conf/dubbogo.yml" />
            <env name="APP_LOG_CONF_FILE" value="$PROJECT_DIR$/registry/nacos/go-client/conf/log.yml" />
        </envs>
        <kind value="PACKAGE" />
        <package value="github.com/apache/dubbo-go-samples/registry/nacos/go-client/cmd" />
        <directory value="$PROJECT_DIR$" />
        <filePath value="$PROJECT_DIR$/general/grpc/unary/go-client/cmd/client.go" />
        <method v="2" />
    </configuration>
</component>